region,lat,lon,description,rain_mm_hr,river_discharge_m3s,tide_height_m,elevation_m,slope_deg,twi,dbi,drain_efficiency,runoff_m3s,rain_score_0_10,river_score_0_10,tide_score_0_10,elevation_factor,water_depth_cm,flood_label,flood_label_text
Chennai_Coastal_Low,13.08,80.27,Low coastal Chennai — historically worst flooding,0.0,30.0,0.42,2.5,0.3,8.8765,0.4,0.76,0.0,0.0,1.0,3.0,7.5,0.0,0,LOW
Chennai_Coastal_Low,13.08,80.27,Low coastal Chennai — historically worst flooding,0.2,36.0,0.49,2.5,0.3,8.8765,0.47,0.718,0.04,0.02,1.2,3.5,7.5,0.0,0,LOW
Chennai_Coastal_Low,13.08,80.27,Low coastal Chennai — historically worst flooding,0.5,45.0,0.56,2.5,0.3,8.8765,0.55,0.67,0.1,0.05,1.5,4.0,7.5,0.0,0,LOW
Chennai_Coastal_Low,13.08,80.27,Low coastal Chennai — historically worst flooding,1.0,60.0,0.63,2.5,0.3,8.8765,0.65,0.61,0.2,0.1,2.0,4.5,7.5,1.02,0,LOW
Chennai_Coastal_Low,13.08,80.27,Low coastal Chennai — historically worst flooding,2.0,75.0,0.7,2.5,0.3,8.8765,0.75,0.55,0.4,0.2,2.5,5.0,7.5,14.1,1,MEDIUM
Chennai_Coastal_Low,13.08,80.27,Low coastal Chennai — historically worst flooding,3.0,90.0,0.77,2.5,0.3,8.8765,0.85,0.49,0.6,0.3,3.0,5.5,7.5,27.18,1,MEDIUM
Chennai_Coastal_Low,13.08,80.27,Low coastal Chennai — historically worst flooding,5.0,120.0,0.84,2.5,0.3,8.8765,1.0,0.4,1.0,0.5,4.0,6.0,7.5,52.8,2,HIGH
Chennai_Coastal_Low,13.08,80.27,Low coastal Chennai — historically worst flooding,7.5,150.0,0.91,2.5,0.3,8.8765,1.15,0.31,1.5,0.75,5.0,6.5,7.5,84.42,2,HIGH
Chennai_Coastal_Low,13.08,80.27,Low coastal Chennai — historically worst flooding,10.0,165.0,0.98,2.5,0.3,8.8765,1.25,0.25,2.0,1.0,5.5,7.0,7.5,115.5,2,HIGH
Chennai_Coastal_Low,13.08,80.27,Low coastal Chennai — historically worst flooding,15.0,195.0,1.05,2.5,0.3,8.8765,1.4,0.16,3.0,1.5,6.5,7.5,7.5,177.12,2,HIGH
Chennai_Coastal_Low,13.08,80.27,Low coastal Chennai — historically worst flooding,20.0,210.0,1.12,2.5,0.3,8.8765,1.5,0.1,4.0,2.0,7.0,8.0,7.5,200.0,2,HIGH
Chennai_Coastal_Low,13.08,80.27,Low coastal Chennai — historically worst flooding,25.0,225.0,1.19,2.5,0.3,8.8765,1.6,0.05,5.0,2.5,7.5,8.5,7.5,200.0,2,HIGH
Chennai_Coastal_Low,13.08,80.27,Low coastal Chennai — historically worst flooding,35.0,255.0,1.26,2.5,0.3,8.8765,1.75,0.05,7.0,3.5,8.5,9.0,7.5,200.0,2,HIGH
Chennai_Coastal_Low,13.08,80.27,Low coastal Chennai — historically worst flooding,45.0,270.0,1.288,2.5,0.3,8.8765,1.82,0.05,9.0,4.5,9.0,9.2,7.5,200.0,2,HIGH
Chennai_Coastal_Low,13.08,80.27,Low coastal Chennai — historically worst flooding,55.0,285.0,1.33,2.5,0.3,8.8765,1.9,0.05,11.0,5.5,9.5,9.5,7.5,200.0,2,HIGH
Chennai_Coastal_Low,13.08,80.27,Low coastal Chennai — historically worst flooding,80.0,300.0,1.358,2.5,0.3,8.8765,1.97,0.05,16.0,8.0,10.0,9.7,7.5,200.0,2,HIGH
Chennai_Coastal_Low,13.08,80.27,Low coastal Chennai — historically worst flooding,100.0,330.0,1.4,2.5,0.3,8.8765,2.1,0.05,20.0,10.0,10.0,10.0,7.5,200.0,2,HIGH
Chennai_Coastal_Low,13.08,80.27,Low coastal Chennai — historically worst flooding,120.0,360.0,1.4,2.5,0.3,8.8765,2.2,0.05,24.0,10.0,10.0,10.0,7.5,200.0,2,HIGH
Chennai_Coastal_Low,13.08,80.27,Low coastal Chennai — historically worst flooding,2.0,180.0,1.33,2.5,0.3,8.8765,1.55,0.07,0.4,0.2,6.0,9.5,7.5,22.74,1,MEDIUM
Chennai_Coastal_Low,13.08,80.27,Low coastal Chennai — historically worst flooding,5.0,210.0,1.4,2.5,0.3,8.8765,1.7,0.05,1.0,0.5,7.0,10.0,7.5,59.1,2,HIGH
Chennai_Coastal_Low,13.08,80.27,Low coastal Chennai — historically worst flooding,10.0,270.0,0.7,2.5,0.3,8.8765,1.4,0.16,2.0,1.0,9.0,5.0,7.5,117.12,2,HIGH
Chennai_Coastal_Low,13.08,80.27,Low coastal Chennai — historically worst flooding,15.0,300.0,0.84,2.5,0.3,8.8765,1.6,0.05,3.0,1.5,10.0,6.0,7.5,179.1,2,HIGH
Chennai_Velachery,12.98,80.22,"Velachery — lake-adjacent, severe 2015 flooding",0.0,40.0,0.42,3.2,0.5,8.6125,0.4,0.76,0.0,0.0,1.0,3.0,6.8,0.0,0,LOW
Chennai_Velachery,12.98,80.22,"Velachery — lake-adjacent, severe 2015 flooding",0.2,48.0,0.49,3.2,0.5,8.6125,0.47,0.718,0.05,0.02,1.2,3.5,6.8,0.0,0,LOW
Chennai_Velachery,12.98,80.22,"Velachery — lake-adjacent, severe 2015 flooding",0.5,60.0,0.56,3.2,0.5,8.6125,0.55,0.67,0.125,0.05,1.5,4.0,6.8,0.0,0,LOW
Chennai_Velachery,12.98,80.22,"Velachery — lake-adjacent, severe 2015 flooding",1.0,80.0,0.63,3.2,0.5,8.6125,0.65,0.61,0.25,0.1,2.0,4.5,6.8,0.31,0,LOW
Chennai_Velachery,12.98,80.22,"Velachery — lake-adjacent, severe 2015 flooding",2.0,100.0,0.7,3.2,0.5,8.6125,0.75,0.55,0.5,0.2,2.5,5.0,6.8,14.4,1,MEDIUM
Chennai_Velachery,12.98,80.22,"Velachery — lake-adjacent, severe 2015 flooding",3.0,120.0,0.77,3.2,0.5,8.6125,0.85,0.49,0.75,0.3,3.0,5.5,6.8,28.49,1,MEDIUM
Chennai_Velachery,12.98,80.22,"Velachery — lake-adjacent, severe 2015 flooding",5.0,160.0,0.84,3.2,0.5,8.6125,1.0,0.4,1.25,0.5,4.0,6.0,6.8,56.06,2,HIGH
Chennai_Velachery,12.98,80.22,"Velachery — lake-adjacent, severe 2015 flooding",7.5,200.0,0.91,3.2,0.5,8.6125,1.15,0.31,1.875,0.75,5.0,6.5,6.8,90.05,2,HIGH
Chennai_Velachery,12.98,80.22,"Velachery — lake-adjacent, severe 2015 flooding",10.0,220.0,0.98,3.2,0.5,8.6125,1.25,0.25,2.5,1.0,5.5,7.0,6.8,123.43,2,HIGH
Chennai_Velachery,12.98,80.22,"Velachery — lake-adjacent, severe 2015 flooding",15.0,260.0,1.05,3.2,0.5,8.6125,1.4,0.16,3.75,1.5,6.5,7.5,6.8,189.57,2,HIGH
Chennai_Velachery,12.98,80.22,"Velachery — lake-adjacent, severe 2015 flooding",20.0,280.0,1.12,3.2,0.5,8.6125,1.5,0.1,5.0,2.0,7.0,8.0,6.8,200.0,2,HIGH
Chennai_Velachery,12.98,80.22,"Velachery — lake-adjacent, severe 2015 flooding",25.0,300.0,1.19,3.2,0.5,8.6125,1.6,0.05,6.25,2.5,7.5,8.5,6.8,200.0,2,HIGH
Chennai_Velachery,12.98,80.22,"Velachery — lake-adjacent, severe 2015 flooding",35.0,340.0,1.26,3.2,0.5,8.6125,1.75,0.05,8.75,3.5,8.5,9.0,6.8,200.0,2,HIGH
Chennai_Velachery,12.98,80.22,"Velachery — lake-adjacent, severe 2015 flooding",45.0,360.0,1.288,3.2,0.5,8.6125,1.82,0.05,11.25,4.5,9.0,9.2,6.8,200.0,2,HIGH
Chennai_Velachery,12.98,80.22,"Velachery — lake-adjacent, severe 2015 flooding",55.0,380.0,1.33,3.2,0.5,8.6125,1.9,0.05,13.75,5.5,9.5,9.5,6.8,200.0,2,HIGH
Chennai_Velachery,12.98,80.22,"Velachery — lake-adjacent, severe 2015 flooding",80.0,400.0,1.358,3.2,0.5,8.6125,1.97,0.05,20.0,8.0,10.0,9.7,6.8,200.0,2,HIGH
Chennai_Velachery,12.98,80.22,"Velachery — lake-adjacent, severe 2015 flooding",100.0,440.0,1.4,3.2,0.5,8.6125,2.1,0.05,25.0,10.0,10.0,10.0,6.8,200.0,2,HIGH
Chennai_Velachery,12.98,80.22,"Velachery — lake-adjacent, severe 2015 flooding",120.0,480.0,1.4,3.2,0.5,8.6125,2.2,0.05,30.0,10.0,10.0,10.0,6.8,200.0,2,HIGH
Chennai_Velachery,12.98,80.22,"Velachery — lake-adjacent, severe 2015 flooding",2.0,240.0,1.33,3.2,0.5,8.6125,1.55,0.07,0.5,0.2,6.0,9.5,6.8,24.27,1,MEDIUM
Chennai_Velachery,12.98,80.22,"Velachery — lake-adjacent, severe 2015 flooding",5.0,280.0,1.4,3.2,0.5,8.6125,1.7,0.05,1.25,0.5,7.0,10.0,6.8,63.26,2,HIGH
Chennai_Velachery,12.98,80.22,"Velachery — lake-adjacent, severe 2015 flooding",10.0,360.0,0.7,3.2,0.5,8.6125,1.4,0.16,2.5,1.0,9.0,5.0,6.8,125.28,2,HIGH
Chennai_Velachery,12.98,80.22,"Velachery — lake-adjacent, severe 2015 flooding",15.0,400.0,0.84,3.2,0.5,8.6125,1.6,0.05,3.75,1.5,10.0,6.0,6.8,191.83,2,HIGH
Chennai_Adyar,13.0,80.25,"Adyar river-adjacent, tidal influence",0.0,40.0,0.42,2.8,0.4,8.7022,0.4,0.76,0.0,0.0,1.0,3.0,7.2,0.0,0,LOW
Chennai_Adyar,13.0,80.25,"Adyar river-adjacent, tidal influence",0.2,48.0,0.49,2.8,0.4,8.7022,0.47,0.718,0.045,0.02,1.2,3.5,7.2,0.0,0,LOW
Chennai_Adyar,13.0,80.25,"Adyar river-adjacent, tidal influence",0.5,60.0,0.56,2.8,0.4,8.7022,0.55,0.67,0.1125,0.05,1.5,4.0,7.2,0.0,0,LOW
Chennai_Adyar,13.0,80.25,"Adyar river-adjacent, tidal influence",1.0,80.0,0.63,2.8,0.4,8.7022,0.65,0.61,0.225,0.1,2.0,4.5,7.2,0.75,0,LOW
Chennai_Adyar,13.0,80.25,"Adyar river-adjacent, tidal influence",2.0,100.0,0.7,2.8,0.4,8.7022,0.75,0.55,0.45,0.2,2.5,5.0,7.2,16.85,1,MEDIUM
Chennai_Adyar,13.0,80.25,"Adyar river-adjacent, tidal influence",3.0,120.0,0.77,2.8,0.4,8.7022,0.85,0.49,0.675,0.3,3.0,5.5,7.2,32.96,2,HIGH
Chennai_Adyar,13.0,80.25,"Adyar river-adjacent, tidal influence",5.0,160.0,0.84,2.8,0.4,8.7022,1.0,0.4,1.125,0.5,4.0,6.0,7.2,64.47,2,HIGH
Chennai_Adyar,13.0,80.25,"Adyar river-adjacent, tidal influence",7.5,200.0,0.91,2.8,0.4,8.7022,1.15,0.31,1.6875,0.75,5.0,6.5,7.2,103.35,2,HIGH
Chennai_Adyar,13.0,80.25,"Adyar river-adjacent, tidal influence",10.0,220.0,0.98,2.8,0.4,8.7022,1.25,0.25,2.25,1.0,5.5,7.0,7.2,141.55,2,HIGH
Chennai_Adyar,13.0,80.25,"Adyar river-adjacent, tidal influence",15.0,260.0,1.05,2.8,0.4,8.7022,1.4,0.16,3.375,1.5,6.5,7.5,7.2,200.0,2,HIGH
Chennai_Adyar,13.0,80.25,"Adyar river-adjacent, tidal influence",20.0,280.0,1.12,2.8,0.4,8.7022,1.5,0.1,4.5,2.0,7.0,8.0,7.2,200.0,2,HIGH
Chennai_Adyar,13.0,80.25,"Adyar river-adjacent, tidal influence",25.0,300.0,1.19,2.8,0.4,8.7022,1.6,0.05,5.625,2.5,7.5,8.5,7.2,200.0,2,HIGH
Chennai_Adyar,13.0,80.25,"Adyar river-adjacent, tidal influence",35.0,340.0,1.26,2.8,0.4,8.7022,1.75,0.05,7.875,3.5,8.5,9.0,7.2,200.0,2,HIGH
Chennai_Adyar,13.0,80.25,"Adyar river-adjacent, tidal influence",45.0,360.0,1.288,2.8,0.4,8.7022,1.82,0.05,10.125,4.5,9.0,9.2,7.2,200.0,2,HIGH
Chennai_Adyar,13.0,80.25,"Adyar river-adjacent, tidal influence",55.0,380.0,1.33,2.8,0.4,8.7022,1.9,0.05,12.375,5.5,9.5,9.5,7.2,200.0,2,HIGH
Chennai_Adyar,13.0,80.25,"Adyar river-adjacent, tidal influence",80.0,400.0,1.358,2.8,0.4,8.7022,1.97,0.05,18.0,8.0,10.0,9.7,7.2,200.0,2,HIGH
Chennai_Adyar,13.0,80.25,"Adyar river-adjacent, tidal influence",100.0,440.0,1.4,2.8,0.4,8.7022,2.1,0.05,22.5,10.0,10.0,10.0,7.2,200.0,2,HIGH
Chennai_Adyar,13.0,80.25,"Adyar river-adjacent, tidal influence",120.0,480.0,1.4,2.8,0.4,8.7022,2.2,0.05,27.0,10.0,10.0,10.0,7.2,200.0,2,HIGH
Chennai_Adyar,13.0,80.25,"Adyar river-adjacent, tidal influence",2.0,240.0,1.33,2.8,0.4,8.7022,1.55,0.07,0.45,0.2,6.0,9.5,7.2,27.85,1,MEDIUM
Chennai_Adyar,13.0,80.25,"Adyar river-adjacent, tidal influence",5.0,280.0,1.4,2.8,0.4,8.7022,1.7,0.05,1.125,0.5,7.0,10.0,7.2,72.49,2,HIGH
Chennai_Adyar,13.0,80.25,"Adyar river-adjacent, tidal influence",10.0,360.0,0.7,2.8,0.4,8.7022,1.4,0.16,2.25,1.0,9.0,5.0,7.2,143.61,2,HIGH
Chennai_Adyar,13.0,80.25,"Adyar river-adjacent, tidal influence",15.0,400.0,0.84,2.8,0.4,8.7022,1.6,0.05,3.375,1.5,10.0,6.0,7.2,200.0,2,HIGH
Chennai_North_Royapuram,13.11,80.29,Coastal north Chennai fishing harbour area,0.0,30.0,0.42,2.1,0.3,8.7022,0.4,0.76,0.0,0.0,1.0,3.0,7.9,0.0,0,LOW
Chennai_North_Royapuram,13.11,80.29,Coastal north Chennai fishing harbour area,0.2,36.0,0.49,2.1,0.3,8.7022,0.47,0.718,0.035,0.02,1.2,3.5,7.9,0.0,0,LOW
Chennai_North_Royapuram,13.11,80.29,Coastal north Chennai fishing harbour area,0.5,45.0,0.56,2.1,0.3,8.7022,0.55,0.67,0.0875,0.05,1.5,4.0,7.9,0.0,0,LOW
Chennai_North_Royapuram,13.11,80.29,Coastal north Chennai fishing harbour area,1.0,60.0,0.63,2.1,0.3,8.7022,0.65,0.61,0.175,0.1,2.0,4.5,7.9,1.8,0,LOW
Chennai_North_Royapuram,13.11,80.29,Coastal north Chennai fishing harbour area,2.0,75.0,0.7,2.1,0.3,8.7022,0.75,0.55,0.35,0.2,2.5,5.0,7.9,17.0,1,MEDIUM
Chennai_North_Royapuram,13.11,80.29,Coastal north Chennai fishing harbour area,3.0,90.0,0.77,2.1,0.3,8.7022,0.85,0.49,0.525,0.3,3.0,5.5,7.9,32.2,2,HIGH
Chennai_North_Royapuram,13.11,80.29,Coastal north Chennai fishing harbour area,5.0,120.0,0.84,2.1,0.3,8.7022,1.0,0.4,0.875,0.5,4.0,6.0,7.9,62.0,2,HIGH
Chennai_North_Royapuram,13.11,80.29,Coastal north Chennai fishing harbour area,7.5,150.0,0.91,2.1,0.3,8.7022,1.15,0.31,1.3125,0.75,5.0,6.5,7.9,98.8,2,HIGH
Chennai_North_Royapuram,13.11,80.29,Coastal north Chennai fishing harbour area,10.0,165.0,0.98,2.1,0.3,8.7022,1.25,0.25,1.75,1.0,5.5,7.0,7.9,135.0,2,HIGH
Chennai_North_Royapuram,13.11,80.29,Coastal north Chennai fishing harbour area,15.0,195.0,1.05,2.1,0.3,8.7022,1.4,0.16,2.625,1.5,6.5,7.5,7.9,200.0,2,HIGH
Chennai_North_Royapuram,13.11,80.29,Coastal north Chennai fishing harbour area,20.0,210.0,1.12,2.1,0.3,8.7022,1.5,0.1,3.5,2.0,7.0,8.0,7.9,200.0,2,HIGH
Chennai_North_Royapuram,13.11,80.29,Coastal north Chennai fishing harbour area,25.0,225.0,1.19,2.1,0.3,8.7022,1.6,0.05,4.375,2.5,7.5,8.5,7.9,200.0,2,HIGH
Chennai_North_Royapuram,13.11,80.29,Coastal north Chennai fishing harbour area,35.0,255.0,1.26,2.1,0.3,8.7022,1.75,0.05,6.125,3.5,8.5,9.0,7.9,200.0,2,HIGH
Chennai_North_Royapuram,13.11,80.29,Coastal north Chennai fishing harbour area,45.0,270.0,1.288,2.1,0.3,8.7022,1.82,0.05,7.875,4.5,9.0,9.2,7.9,200.0,2,HIGH
Chennai_North_Royapuram,13.11,80.29,Coastal north Chennai fishing harbour area,55.0,285.0,1.33,2.1,0.3,8.7022,1.9,0.05,9.625,5.5,9.5,9.5,7.9,200.0,2,HIGH
Chennai_North_Royapuram,13.11,80.29,Coastal north Chennai fishing harbour area,80.0,300.0,1.358,2.1,0.3,8.7022,1.97,0.05,14.0,8.0,10.0,9.7,7.9,200.0,2,HIGH
Chennai_North_Royapuram,13.11,80.29,Coastal north Chennai fishing harbour area,100.0,330.0,1.4,2.1,0.3,8.7022,2.1,0.05,17.5,10.0,10.0,10.0,7.9,200.0,2,HIGH
Chennai_North_Royapuram,13.11,80.29,Coastal north Chennai fishing harbour area,120.0,360.0,1.4,2.1,0.3,8.7022,2.2,0.05,21.0,10.0,10.0,10.0,7.9,200.0,2,HIGH
Chennai_North_Royapuram,13.11,80.29,Coastal north Chennai fishing harbour area,2.0,180.0,1.33,2.1,0.3,8.7022,1.55,0.07,0.35,0.2,6.0,9.5,7.9,26.6,1,MEDIUM
Chennai_North_Royapuram,13.11,80.29,Coastal north Chennai fishing harbour area,5.0,210.0,1.4,2.1,0.3,8.7022,1.7,0.05,0.875,0.5,7.0,10.0,7.9,69.0,2,HIGH
Chennai_North_Royapuram,13.11,80.29,Coastal north Chennai fishing harbour area,10.0,270.0,0.7,2.1,0.3,8.7022,1.4,0.16,1.75,1.0,9.0,5.0,7.9,136.8,2,HIGH
Chennai_North_Royapuram,13.11,80.29,Coastal north Chennai fishing harbour area,15.0,300.0,0.84,2.1,0.3,8.7022,1.6,0.05,2.625,1.5,10.0,6.0,7.9,200.0,2,HIGH
Chennai_Kathivakkam,13.21,80.3,Extreme low coastal — worst elevation in Chennai,0.0,35.0,0.42,1.5,0.2,8.7712,0.4,0.76,0.0,0.0,1.0,3.0,8.5,0.0,0,LOW
Chennai_Kathivakkam,13.21,80.3,Extreme low coastal — worst elevation in Chennai,0.2,42.0,0.49,1.5,0.2,8.7712,0.47,0.718,0.025,0.02,1.2,3.5,8.5,0.0,0,LOW
Chennai_Kathivakkam,13.21,80.3,Extreme low coastal — worst elevation in Chennai,0.5,52.5,0.56,1.5,0.2,8.7712,0.55,0.67,0.0625,0.05,1.5,4.0,8.5,0.0,0,LOW
Chennai_Kathivakkam,13.21,80.3,Extreme low coastal — worst elevation in Chennai,1.0,70.0,0.63,1.5,0.2,8.7712,0.65,0.61,0.125,0.1,2.0,4.5,8.5,0.27,0,LOW
Chennai_Kathivakkam,13.21,80.3,Extreme low coastal — worst elevation in Chennai,2.0,87.5,0.7,1.5,0.2,8.7712,0.75,0.55,0.25,0.2,2.5,5.0,8.5,12.6,1,MEDIUM
Chennai_Kathivakkam,13.21,80.3,Extreme low coastal — worst elevation in Chennai,3.0,105.0,0.77,1.5,0.2,8.7712,0.85,0.49,0.375,0.3,3.0,5.5,8.5,24.93,1,MEDIUM
Chennai_Kathivakkam,13.21,80.3,Extreme low coastal — worst elevation in Chennai,5.0,140.0,0.84,1.5,0.2,8.7712,1.0,0.4,0.625,0.5,4.0,6.0,8.5,49.05,2,HIGH
Chennai_Kathivakkam,13.21,80.3,Extreme low coastal — worst elevation in Chennai,7.5,175.0,0.91,1.5,0.2,8.7712,1.15,0.31,0.9375,0.75,5.0,6.5,8.5,78.79,2,HIGH
Chennai_Kathivakkam,13.21,80.3,Extreme low coastal — worst elevation in Chennai,10.0,192.5,0.98,1.5,0.2,8.7712,1.25,0.25,1.25,1.0,5.5,7.0,8.5,108.0,2,HIGH
Chennai_Kathivakkam,13.21,80.3,Extreme low coastal — worst elevation in Chennai,15.0,227.5,1.05,1.5,0.2,8.7712,1.4,0.16,1.875,1.5,6.5,7.5,8.5,165.87,2,HIGH
Chennai_Kathivakkam,13.21,80.3,Extreme low coastal — worst elevation in Chennai,20.0,245.0,1.12,1.5,0.2,8.7712,1.5,0.1,2.5,2.0,7.0,8.0,8.5,200.0,2,HIGH
Chennai_Kathivakkam,13.21,80.3,Extreme low coastal — worst elevation in Chennai,25.0,262.5,1.19,1.5,0.2,8.7712,1.6,0.05,3.125,2.5,7.5,8.5,8.5,200.0,2,HIGH
Chennai_Kathivakkam,13.21,80.3,Extreme low coastal — worst elevation in Chennai,35.0,297.5,1.26,1.5,0.2,8.7712,1.75,0.05,4.375,3.5,8.5,9.0,8.5,200.0,2,HIGH
Chennai_Kathivakkam,13.21,80.3,Extreme low coastal — worst elevation in Chennai,45.0,315.0,1.288,1.5,0.2,8.7712,1.82,0.05,5.625,4.5,9.0,9.2,8.5,200.0,2,HIGH
Chennai_Kathivakkam,13.21,80.3,Extreme low coastal — worst elevation in Chennai,55.0,332.5,1.33,1.5,0.2,8.7712,1.9,0.05,6.875,5.5,9.5,9.5,8.5,200.0,2,HIGH
Chennai_Kathivakkam,13.21,80.3,Extreme low coastal — worst elevation in Chennai,80.0,350.0,1.358,1.5,0.2,8.7712,1.97,0.05,10.0,8.0,10.0,9.7,8.5,200.0,2,HIGH
Chennai_Kathivakkam,13.21,80.3,Extreme low coastal — worst elevation in Chennai,100.0,385.0,1.4,1.5,0.2,8.7712,2.1,0.05,12.5,10.0,10.0,10.0,8.5,200.0,2,HIGH
Chennai_Kathivakkam,13.21,80.3,Extreme low coastal — worst elevation in Chennai,120.0,420.0,1.4,1.5,0.2,8.7712,2.2,0.05,15.0,10.0,10.0,10.0,8.5,200.0,2,HIGH
Chennai_Kathivakkam,13.21,80.3,Extreme low coastal — worst elevation in Chennai,2.0,210.0,1.33,1.5,0.2,8.7712,1.55,0.07,0.25,0.2,6.0,9.5,8.5,21.24,1,MEDIUM
Chennai_Kathivakkam,13.21,80.3,Extreme low coastal — worst elevation in Chennai,5.0,245.0,1.4,1.5,0.2,8.7712,1.7,0.05,0.625,0.5,7.0,10.0,8.5,55.35,2,HIGH
Chennai_Kathivakkam,13.21,80.3,Extreme low coastal — worst elevation in Chennai,10.0,315.0,0.7,1.5,0.2,8.7712,1.4,0.16,1.25,1.0,9.0,5.0,8.5,109.62,2,HIGH
Chennai_Kathivakkam,13.21,80.3,Extreme low coastal — worst elevation in Chennai,15.0,350.0,0.84,1.5,0.2,8.7712,1.6,0.05,1.875,1.5,10.0,6.0,8.5,167.85,2,HIGH
Chennai_Central_Safer,13.05,80.24,"Anna Salai — higher elevation, safer",0.0,30.0,0.42,6.5,1.2,8.4456,0.4,0.76,0.0,0.0,1.0,3.0,3.5,0.0,0,LOW
Chennai_Central_Safer,13.05,80.24,"Anna Salai — higher elevation, safer",0.2,36.0,0.49,6.5,1.2,8.4456,0.47,0.718,0.0625,0.02,1.2,3.5,3.5,0.0,0,LOW
Chennai_Central_Safer,13.05,80.24,"Anna Salai — higher elevation, safer",0.5,45.0,0.56,6.5,1.2,8.4456,0.55,0.67,0.1563,0.05,1.5,4.0,3.5,0.0,0,LOW
Chennai_Central_Safer,13.05,80.24,"Anna Salai — higher elevation, safer",1.0,60.0,0.63,6.5,1.2,8.4456,0.65,0.61,0.3125,0.1,2.0,4.5,3.5,0.0,0,LOW
Chennai_Central_Safer,13.05,80.24,"Anna Salai — higher elevation, safer",2.0,75.0,0.7,6.5,1.2,8.4456,0.75,0.55,0.625,0.2,2.5,5.0,3.5,7.4,0,LOW
Chennai_Central_Safer,13.05,80.24,"Anna Salai — higher elevation, safer",3.0,90.0,0.77,6.5,1.2,8.4456,0.85,0.49,0.9375,0.3,3.0,5.5,3.5,21.82,1,MEDIUM
Chennai_Central_Safer,13.05,80.24,"Anna Salai — higher elevation, safer",5.0,120.0,0.84,6.5,1.2,8.4456,1.0,0.4,1.5625,0.5,4.0,6.0,3.5,49.7,2,HIGH
Chennai_Central_Safer,13.05,80.24,"Anna Salai — higher elevation, safer",7.5,150.0,0.91,6.5,1.2,8.4456,1.15,0.31,2.3438,0.75,5.0,6.5,3.5,83.83,2,HIGH
Chennai_Central_Safer,13.05,80.24,"Anna Salai — higher elevation, safer",10.0,165.0,0.98,6.5,1.2,8.4456,1.25,0.25,3.125,1.0,5.5,7.0,3.5,117.0,2,HIGH
Chennai_Central_Safer,13.05,80.24,"Anna Salai — higher elevation, safer",15.0,195.0,1.05,6.5,1.2,8.4456,1.4,0.16,4.6875,1.5,6.5,7.5,3.5,182.38,2,HIGH
Chennai_Central_Safer,13.05,80.24,"Anna Salai — higher elevation, safer",20.0,210.0,1.12,6.5,1.2,8.4456,1.5,0.1,6.25,2.0,7.0,8.0,3.5,200.0,2,HIGH
Chennai_Central_Safer,13.05,80.24,"Anna Salai — higher elevation, safer",25.0,225.0,1.19,6.5,1.2,8.4456,1.6,0.05,7.8125,2.5,7.5,8.5,3.5,200.0,2,HIGH
Chennai_Central_Safer,13.05,80.24,"Anna Salai — higher elevation, safer",35.0,255.0,1.26,6.5,1.2,8.4456,1.75,0.05,10.9375,3.5,8.5,9.0,3.5,200.0,2,HIGH
Chennai_Central_Safer,13.05,80.24,"Anna Salai — higher elevation, safer",45.0,270.0,1.288,6.5,1.2,8.4456,1.82,0.05,14.0625,4.5,9.0,9.2,3.5,200.0,2,HIGH
Chennai_Central_Safer,13.05,80.24,"Anna Salai — higher elevation, safer",55.0,285.0,1.33,6.5,1.2,8.4456,1.9,0.05,17.1875,5.5,9.5,9.5,3.5,200.0,2,HIGH
Chennai_Central_Safer,13.05,80.24,"Anna Salai — higher elevation, safer",80.0,300.0,1.358,6.5,1.2,8.4456,1.97,0.05,25.0,8.0,10.0,9.7,3.5,200.0,2,HIGH
Chennai_Central_Safer,13.05,80.24,"Anna Salai — higher elevation, safer",100.0,330.0,1.4,6.5,1.2,8.4456,2.1,0.05,31.25,10.0,10.0,10.0,3.5,200.0,2,HIGH
Chennai_Central_Safer,13.05,80.24,"Anna Salai — higher elevation, safer",120.0,360.0,1.4,6.5,1.2,8.4456,2.2,0.05,37.5,10.0,10.0,10.0,3.5,200.0,2,HIGH
Chennai_Central_Safer,13.05,80.24,"Anna Salai — higher elevation, safer",2.0,180.0,1.33,6.5,1.2,8.4456,1.55,0.07,0.625,0.2,6.0,9.5,3.5,22.76,1,MEDIUM
Chennai_Central_Safer,13.05,80.24,"Anna Salai — higher elevation, safer",5.0,210.0,1.4,6.5,1.2,8.4456,1.7,0.05,1.5625,0.5,7.0,10.0,3.5,60.9,2,HIGH
Chennai_Central_Safer,13.05,80.24,"Anna Salai — higher elevation, safer",10.0,270.0,0.7,6.5,1.2,8.4456,1.4,0.16,3.125,1.0,9.0,5.0,3.5,119.88,2,HIGH
Chennai_Central_Safer,13.05,80.24,"Anna Salai — higher elevation, safer",15.0,300.0,0.84,6.5,1.2,8.4456,1.6,0.05,4.6875,1.5,10.0,6.0,3.5,185.9,2,HIGH
Chennai_Poonamallee,13.05,80.17,"Poonamallee — highest elevation, rarely floods",0.0,30.0,0.42,9.3,1.8,8.3982,0.4,0.76,0.0,0.0,1.0,3.0,0.7,0.0,0,LOW
Chennai_Poonamallee,13.05,80.17,"Poonamallee — highest elevation, rarely floods",0.2,36.0,0.49,9.3,1.8,8.3982,0.47,0.718,0.0611,0.02,1.2,3.5,0.7,0.0,0,LOW
Chennai_Poonamallee,13.05,80.17,"Poonamallee — highest elevation, rarely floods",0.5,45.0,0.56,9.3,1.8,8.3982,0.55,0.67,0.1528,0.05,1.5,4.0,0.7,0.0,0,LOW
Chennai_Poonamallee,13.05,80.17,"Poonamallee — highest elevation, rarely floods",1.0,60.0,0.63,9.3,1.8,8.3982,0.65,0.61,0.3056,0.1,2.0,4.5,0.7,0.0,0,LOW
Chennai_Poonamallee,13.05,80.17,"Poonamallee — highest elevation, rarely floods",2.0,75.0,0.7,9.3,1.8,8.3982,0.75,0.55,0.6111,0.2,2.5,5.0,0.7,0.0,0,LOW
Chennai_Poonamallee,13.05,80.17,"Poonamallee — highest elevation, rarely floods",3.0,90.0,0.77,9.3,1.8,8.3982,0.85,0.49,0.9167,0.3,3.0,5.5,0.7,9.86,0,LOW
Chennai_Poonamallee,13.05,80.17,"Poonamallee — highest elevation, rarely floods",5.0,120.0,0.84,9.3,1.8,8.3982,1.0,0.4,1.5278,0.5,4.0,6.0,0.7,31.43,2,HIGH
Chennai_Poonamallee,13.05,80.17,"Poonamallee — highest elevation, rarely floods",7.5,150.0,0.91,9.3,1.8,8.3982,1.15,0.31,2.2917,0.75,5.0,6.5,0.7,57.59,2,HIGH
Chennai_Poonamallee,13.05,80.17,"Poonamallee — highest elevation, rarely floods",10.0,165.0,0.98,9.3,1.8,8.3982,1.25,0.25,3.0556,1.0,5.5,7.0,0.7,82.67,2,HIGH
Chennai_Poonamallee,13.05,80.17,"Poonamallee — highest elevation, rarely floods",15.0,195.0,1.05,9.3,1.8,8.3982,1.4,0.16,4.5833,1.5,6.5,7.5,0.7,131.74,2,HIGH
Chennai_Poonamallee,13.05,80.17,"Poonamallee — highest elevation, rarely floods",20.0,210.0,1.12,9.3,1.8,8.3982,1.5,0.1,6.1111,2.0,7.0,8.0,0.7,179.73,2,HIGH
Chennai_Poonamallee,13.05,80.17,"Poonamallee — highest elevation, rarely floods",25.0,225.0,1.19,9.3,1.8,8.3982,1.6,0.05,7.6389,2.5,7.5,8.5,0.7,200.0,2,HIGH
Chennai_Poonamallee,13.05,80.17,"Poonamallee — highest elevation, rarely floods",35.0,255.0,1.26,9.3,1.8,8.3982,1.75,0.05,10.6944,3.5,8.5,9.0,0.7,200.0,2,HIGH
Chennai_Poonamallee,13.05,80.17,"Poonamallee — highest elevation, rarely floods",45.0,270.0,1.288,9.3,1.8,8.3982,1.82,0.05,13.75,4.5,9.0,9.2,0.7,200.0,2,HIGH
Chennai_Poonamallee,13.05,80.17,"Poonamallee — highest elevation, rarely floods",55.0,285.0,1.33,9.3,1.8,8.3982,1.9,0.05,16.8056,5.5,9.5,9.5,0.7,200.0,2,HIGH
Chennai_Poonamallee,13.05,80.17,"Poonamallee — highest elevation, rarely floods",80.0,300.0,1.358,9.3,1.8,8.3982,1.97,0.05,24.4444,8.0,10.0,9.7,0.7,200.0,2,HIGH
Chennai_Poonamallee,13.05,80.17,"Poonamallee — highest elevation, rarely floods",100.0,330.0,1.4,9.3,1.8,8.3982,2.1,0.05,30.5556,10.0,10.0,10.0,0.7,200.0,2,HIGH
Chennai_Poonamallee,13.05,80.17,"Poonamallee — highest elevation, rarely floods",120.0,360.0,1.4,9.3,1.8,8.3982,2.2,0.05,36.6667,10.0,10.0,10.0,0.7,200.0,2,HIGH
Chennai_Poonamallee,13.05,80.17,"Poonamallee — highest elevation, rarely floods",2.0,180.0,1.33,9.3,1.8,8.3982,1.55,0.07,0.6111,0.2,6.0,9.5,0.7,15.81,1,MEDIUM
Chennai_Poonamallee,13.05,80.17,"Poonamallee — highest elevation, rarely floods",5.0,210.0,1.4,9.3,1.8,8.3982,1.7,0.05,1.5278,0.5,7.0,10.0,0.7,44.03,2,HIGH
Chennai_Poonamallee,13.05,80.17,"Poonamallee — highest elevation, rarely floods",10.0,270.0,0.7,9.3,1.8,8.3982,1.4,0.16,3.0556,1.0,9.0,5.0,0.7,85.91,2,HIGH
Chennai_Poonamallee,13.05,80.17,"Poonamallee — highest elevation, rarely floods",15.0,300.0,0.84,9.3,1.8,8.3982,1.6,0.05,4.5833,1.5,10.0,6.0,0.7,135.7,2,HIGH
Pondicherry_Coast,11.93,79.83,Pondicherry low coast — cyclone prone,0.0,120.0,0.36,2.1,0.3,8.7022,0.4,0.76,0.0,0.0,1.0,3.0,7.9,0.0,0,LOW
Pondicherry_Coast,11.93,79.83,Pondicherry low coast — cyclone prone,0.2,144.0,0.42,2.1,0.3,8.7022,0.47,0.718,0.0333,0.02,1.2,3.5,7.9,0.0,0,LOW
Pondicherry_Coast,11.93,79.83,Pondicherry low coast — cyclone prone,0.5,180.0,0.48,2.1,0.3,8.7022,0.55,0.67,0.0833,0.05,1.5,4.0,7.9,0.0,0,LOW
Pondicherry_Coast,11.93,79.83,Pondicherry low coast — cyclone prone,1.0,240.0,0.54,2.1,0.3,8.7022,0.65,0.61,0.1667,0.1,2.0,4.5,7.9,0.0,0,LOW
Pondicherry_Coast,11.93,79.83,Pondicherry low coast — cyclone prone,2.0,300.0,0.6,2.1,0.3,8.7022,0.75,0.55,0.3333,0.2,2.5,5.0,7.9,12.12,1,MEDIUM
Pondicherry_Coast,11.93,79.83,Pondicherry low coast — cyclone prone,3.0,360.0,0.66,2.1,0.3,8.7022,0.85,0.49,0.5,0.3,3.0,5.5,7.9,25.42,1,MEDIUM
Pondicherry_Coast,11.93,79.83,Pondicherry low coast — cyclone prone,5.0,480.0,0.72,2.1,0.3,8.7022,1.0,0.4,0.8333,0.5,4.0,6.0,7.9,51.36,2,HIGH
Pondicherry_Coast,11.93,79.83,Pondicherry low coast — cyclone prone,7.5,600.0,0.78,2.1,0.3,8.7022,1.15,0.31,1.25,0.75,5.0,6.5,7.9,83.3,2,HIGH
Pondicherry_Coast,11.93,79.83,Pondicherry low coast — cyclone prone,10.0,660.0,0.84,2.1,0.3,8.7022,1.25,0.25,1.6667,1.0,5.5,7.0,7.9,114.6,2,HIGH
Pondicherry_Coast,11.93,79.83,Pondicherry low coast — cyclone prone,15.0,780.0,0.9,2.1,0.3,8.7022,1.4,0.16,2.5,1.5,6.5,7.5,7.9,176.54,2,HIGH
Pondicherry_Coast,11.93,79.83,Pondicherry low coast — cyclone prone,20.0,840.0,0.96,2.1,0.3,8.7022,1.5,0.1,3.3333,2.0,7.0,8.0,7.9,200.0,2,HIGH
Pondicherry_Coast,11.93,79.83,Pondicherry low coast — cyclone prone,25.0,900.0,1.02,2.1,0.3,8.7022,1.6,0.05,4.1667,2.5,7.5,8.5,7.9,200.0,2,HIGH
Pondicherry_Coast,11.93,79.83,Pondicherry low coast — cyclone prone,35.0,1020.0,1.08,2.1,0.3,8.7022,1.75,0.05,5.8333,3.5,8.5,9.0,7.9,200.0,2,HIGH
Pondicherry_Coast,11.93,79.83,Pondicherry low coast — cyclone prone,45.0,1080.0,1.104,2.1,0.3,8.7022,1.82,0.05,7.5,4.5,9.0,9.2,7.9,200.0,2,HIGH
Pondicherry_Coast,11.93,79.83,Pondicherry low coast — cyclone prone,55.0,1140.0,1.14,2.1,0.3,8.7022,1.9,0.05,9.1667,5.5,9.5,9.5,7.9,200.0,2,HIGH
Pondicherry_Coast,11.93,79.83,Pondicherry low coast — cyclone prone,80.0,1200.0,1.164,2.1,0.3,8.7022,1.97,0.05,13.3333,8.0,10.0,9.7,7.9,200.0,2,HIGH
Pondicherry_Coast,11.93,79.83,Pondicherry low coast — cyclone prone,100.0,1320.0,1.2,2.1,0.3,8.7022,2.1,0.05,16.6667,10.0,10.0,10.0,7.9,200.0,2,HIGH
Pondicherry_Coast,11.93,79.83,Pondicherry low coast — cyclone prone,120.0,1440.0,1.2,2.1,0.3,8.7022,2.2,0.05,20.0,10.0,10.0,10.0,7.9,200.0,2,HIGH
Pondicherry_Coast,11.93,79.83,Pondicherry low coast — cyclone prone,2.0,720.0,1.14,2.1,0.3,8.7022,1.55,0.07,0.3333,0.2,6.0,9.5,7.9,22.49,1,MEDIUM
Pondicherry_Coast,11.93,79.83,Pondicherry low coast — cyclone prone,5.0,840.0,1.2,2.1,0.3,8.7022,1.7,0.05,0.8333,0.5,7.0,10.0,7.9,58.92,2,HIGH
Pondicherry_Coast,11.93,79.83,Pondicherry low coast — cyclone prone,10.0,1080.0,0.6,2.1,0.3,8.7022,1.4,0.16,1.6667,1.0,9.0,5.0,7.9,116.55,2,HIGH
Pondicherry_Coast,11.93,79.83,Pondicherry low coast — cyclone prone,15.0,1200.0,0.72,2.1,0.3,8.7022,1.6,0.05,2.5,1.5,10.0,6.0,7.9,178.92,2,HIGH
Cuddalore_Coast,11.75,79.77,"Cuddalore — industrial coast, cyclone affected",0.0,120.0,0.36,1.8,0.25,8.7304,0.4,0.76,0.0,0.0,1.0,3.0,8.2,0.0,0,LOW
Cuddalore_Coast,11.75,79.77,"Cuddalore — industrial coast, cyclone affected",0.2,144.0,0.42,1.8,0.25,8.7304,0.47,0.718,0.0292,0.02,1.2,3.5,8.2,0.0,0,LOW
Cuddalore_Coast,11.75,79.77,"Cuddalore — industrial coast, cyclone affected",0.5,180.0,0.48,1.8,0.25,8.7304,0.55,0.67,0.0729,0.05,1.5,4.0,8.2,0.0,0,LOW
Cuddalore_Coast,11.75,79.77,"Cuddalore — industrial coast, cyclone affected",1.0,240.0,0.54,1.8,0.25,8.7304,0.65,0.61,0.1458,0.1,2.0,4.5,8.2,0.0,0,LOW
Cuddalore_Coast,11.75,79.77,"Cuddalore — industrial coast, cyclone affected",2.0,300.0,0.6,1.8,0.25,8.7304,0.75,0.55,0.2917,0.2,2.5,5.0,8.2,12.34,1,MEDIUM
Cuddalore_Coast,11.75,79.77,"Cuddalore — industrial coast, cyclone affected",3.0,360.0,0.66,1.8,0.25,8.7304,0.85,0.49,0.4375,0.3,3.0,5.5,8.2,25.2,1,MEDIUM
Cuddalore_Coast,11.75,79.77,"Cuddalore — industrial coast, cyclone affected",5.0,480.0,0.72,1.8,0.25,8.7304,1.0,0.4,0.7292,0.5,4.0,6.0,8.2,50.34,2,HIGH
Cuddalore_Coast,11.75,79.77,"Cuddalore — industrial coast, cyclone affected",7.5,600.0,0.78,1.8,0.25,8.7304,1.15,0.31,1.0938,0.75,5.0,6.5,8.2,81.3,2,HIGH
Cuddalore_Coast,11.75,79.77,"Cuddalore — industrial coast, cyclone affected",10.0,660.0,0.84,1.8,0.25,8.7304,1.25,0.25,1.4583,1.0,5.5,7.0,8.2,111.66,2,HIGH
Cuddalore_Coast,11.75,79.77,"Cuddalore — industrial coast, cyclone affected",15.0,780.0,0.9,1.8,0.25,8.7304,1.4,0.16,2.1875,1.5,6.5,7.5,8.2,171.8,2,HIGH
Cuddalore_Coast,11.75,79.77,"Cuddalore — industrial coast, cyclone affected",20.0,840.0,0.96,1.8,0.25,8.7304,1.5,0.1,2.9167,2.0,7.0,8.0,8.2,200.0,2,HIGH
Cuddalore_Coast,11.75,79.77,"Cuddalore — industrial coast, cyclone affected",25.0,900.0,1.02,1.8,0.25,8.7304,1.6,0.05,3.6458,2.5,7.5,8.5,8.2,200.0,2,HIGH
Cuddalore_Coast,11.75,79.77,"Cuddalore — industrial coast, cyclone affected",35.0,1020.0,1.08,1.8,0.25,8.7304,1.75,0.05,5.1042,3.5,8.5,9.0,8.2,200.0,2,HIGH
Cuddalore_Coast,11.75,79.77,"Cuddalore — industrial coast, cyclone affected",45.0,1080.0,1.104,1.8,0.25,8.7304,1.82,0.05,6.5625,4.5,9.0,9.2,8.2,200.0,2,HIGH
Cuddalore_Coast,11.75,79.77,"Cuddalore — industrial coast, cyclone affected",55.0,1140.0,1.14,1.8,0.25,8.7304,1.9,0.05,8.0208,5.5,9.5,9.5,8.2,200.0,2,HIGH
Cuddalore_Coast,11.75,79.77,"Cuddalore — industrial coast, cyclone affected",80.0,1200.0,1.164,1.8,0.25,8.7304,1.97,0.05,11.6667,8.0,10.0,9.7,8.2,200.0,2,HIGH
Cuddalore_Coast,11.75,79.77,"Cuddalore — industrial coast, cyclone affected",100.0,1320.0,1.2,1.8,0.25,8.7304,2.1,0.05,14.5833,10.0,10.0,10.0,8.2,200.0,2,HIGH
Cuddalore_Coast,11.75,79.77,"Cuddalore — industrial coast, cyclone affected",120.0,1440.0,1.2,1.8,0.25,8.7304,2.2,0.05,17.5,10.0,10.0,10.0,8.2,200.0,2,HIGH
Cuddalore_Coast,11.75,79.77,"Cuddalore — industrial coast, cyclone affected",2.0,720.0,1.14,1.8,0.25,8.7304,1.55,0.07,0.2917,0.2,6.0,9.5,8.2,21.94,1,MEDIUM
Cuddalore_Coast,11.75,79.77,"Cuddalore — industrial coast, cyclone affected",5.0,840.0,1.2,1.8,0.25,8.7304,1.7,0.05,0.7292,0.5,7.0,10.0,8.2,57.34,2,HIGH
Cuddalore_Coast,11.75,79.77,"Cuddalore — industrial coast, cyclone affected",10.0,1080.0,0.6,1.8,0.25,8.7304,1.4,0.16,1.4583,1.0,9.0,5.0,8.2,113.46,2,HIGH
Cuddalore_Coast,11.75,79.77,"Cuddalore — industrial coast, cyclone affected",15.0,1200.0,0.72,1.8,0.25,8.7304,1.6,0.05,2.1875,1.5,10.0,6.0,8.2,174.0,2,HIGH
Thanjavur_Cauvery_Delta,10.79,79.14,Cauvery delta — seasonal flooding during monsoon,0.0,800.0,0.33,3.5,0.2,9.6185,0.4,0.76,0.0,0.0,1.0,3.0,6.5,0.0,0,LOW
Thanjavur_Cauvery_Delta,10.79,79.14,Cauvery delta — seasonal flooding during monsoon,0.2,960.0,0.385,3.5,0.2,9.6185,0.47,0.718,0.1528,0.02,1.2,3.5,6.5,0.0,0,LOW
Thanjavur_Cauvery_Delta,10.79,79.14,Cauvery delta — seasonal flooding during monsoon,0.5,1200.0,0.44,3.5,0.2,9.6185,0.55,0.67,0.3819,0.05,1.5,4.0,6.5,0.0,0,LOW
Thanjavur_Cauvery_Delta,10.79,79.14,Cauvery delta — seasonal flooding during monsoon,1.0,1600.0,0.495,3.5,0.2,9.6185,0.65,0.61,0.7639,0.1,2.0,4.5,6.5,17.91,1,MEDIUM
Thanjavur_Cauvery_Delta,10.79,79.14,Cauvery delta — seasonal flooding during monsoon,2.0,2000.0,0.55,3.5,0.2,9.6185,0.75,0.55,1.5278,0.2,2.5,5.0,6.5,53.9,2,HIGH
Thanjavur_Cauvery_Delta,10.79,79.14,Cauvery delta — seasonal flooding during monsoon,3.0,2400.0,0.605,3.5,0.2,9.6185,0.85,0.49,2.2917,0.3,3.0,5.5,6.5,89.9,2,HIGH
Thanjavur_Cauvery_Delta,10.79,79.14,Cauvery delta — seasonal flooding during monsoon,5.0,3200.0,0.66,3.5,0.2,9.6185,1.0,0.4,3.8194,0.5,4.0,6.0,6.5,161.07,2,HIGH
Thanjavur_Cauvery_Delta,10.79,79.14,Cauvery delta — seasonal flooding during monsoon,7.5,4000.0,0.715,3.5,0.2,9.6185,1.15,0.31,5.7292,0.75,5.0,6.5,6.5,200.0,2,HIGH
Thanjavur_Cauvery_Delta,10.79,79.14,Cauvery delta — seasonal flooding during monsoon,10.0,4400.0,0.77,3.5,0.2,9.6185,1.25,0.25,7.6389,1.0,5.5,7.0,6.5,200.0,2,HIGH
Thanjavur_Cauvery_Delta,10.79,79.14,Cauvery delta — seasonal flooding during monsoon,15.0,5200.0,0.825,3.5,0.2,9.6185,1.4,0.16,11.4583,1.5,6.5,7.5,6.5,200.0,2,HIGH
Thanjavur_Cauvery_Delta,10.79,79.14,Cauvery delta — seasonal flooding during monsoon,20.0,5600.0,0.88,3.5,0.2,9.6185,1.5,0.1,15.2778,2.0,7.0,8.0,6.5,200.0,2,HIGH
Thanjavur_Cauvery_Delta,10.79,79.14,Cauvery delta — seasonal flooding during monsoon,25.0,6000.0,0.935,3.5,0.2,9.6185,1.6,0.05,19.0972,2.5,7.5,8.5,6.5,200.0,2,HIGH
Thanjavur_Cauvery_Delta,10.79,79.14,Cauvery delta — seasonal flooding during monsoon,35.0,6800.0,0.99,3.5,0.2,9.6185,1.75,0.05,26.7361,3.5,8.5,9.0,6.5,200.0,2,HIGH
Thanjavur_Cauvery_Delta,10.79,79.14,Cauvery delta — seasonal flooding during monsoon,45.0,7200.0,1.012,3.5,0.2,9.6185,1.82,0.05,34.375,4.5,9.0,9.2,6.5,200.0,2,HIGH
Thanjavur_Cauvery_Delta,10.79,79.14,Cauvery delta — seasonal flooding during monsoon,55.0,7600.0,1.045,3.5,0.2,9.6185,1.9,0.05,42.0139,5.5,9.5,9.5,6.5,200.0,2,HIGH
Thanjavur_Cauvery_Delta,10.79,79.14,Cauvery delta — seasonal flooding during monsoon,80.0,8000.0,1.067,3.5,0.2,9.6185,1.97,0.05,61.1111,8.0,10.0,9.7,6.5,200.0,2,HIGH
Thanjavur_Cauvery_Delta,10.79,79.14,Cauvery delta — seasonal flooding during monsoon,100.0,8800.0,1.1,3.5,0.2,9.6185,2.1,0.05,76.3889,10.0,10.0,10.0,6.5,200.0,2,HIGH
Thanjavur_Cauvery_Delta,10.79,79.14,Cauvery delta — seasonal flooding during monsoon,120.0,9600.0,1.1,3.5,0.2,9.6185,2.2,0.05,91.6667,10.0,10.0,10.0,6.5,200.0,2,HIGH
Thanjavur_Cauvery_Delta,10.79,79.14,Cauvery delta — seasonal flooding during monsoon,2.0,4800.0,1.045,3.5,0.2,9.6185,1.55,0.07,1.5278,0.2,6.0,9.5,6.5,66.86,2,HIGH
Thanjavur_Cauvery_Delta,10.79,79.14,Cauvery delta — seasonal flooding during monsoon,5.0,5600.0,1.1,3.5,0.2,9.6185,1.7,0.05,3.8194,0.5,7.0,10.0,6.5,170.52,2,HIGH
Thanjavur_Cauvery_Delta,10.79,79.14,Cauvery delta — seasonal flooding during monsoon,10.0,7200.0,0.55,3.5,0.2,9.6185,1.4,0.16,7.6389,1.0,9.0,5.0,6.5,200.0,2,HIGH
Thanjavur_Cauvery_Delta,10.79,79.14,Cauvery delta — seasonal flooding during monsoon,15.0,8000.0,0.66,3.5,0.2,9.6185,1.6,0.05,11.4583,1.5,10.0,6.0,6.5,200.0,2,HIGH
Nagapattinam_Coast,10.77,79.84,"Nagapattinam — 2004 tsunami affected, low coast",0.0,800.0,0.33,1.8,0.2,8.9535,0.4,0.76,0.0,0.0,1.0,3.0,8.2,0.0,0,LOW
Nagapattinam_Coast,10.77,79.84,"Nagapattinam — 2004 tsunami affected, low coast",0.2,960.0,0.385,1.8,0.2,8.9535,0.47,0.718,0.0417,0.02,1.2,3.5,8.2,0.0,0,LOW
Nagapattinam_Coast,10.77,79.84,"Nagapattinam — 2004 tsunami affected, low coast",0.5,1200.0,0.44,1.8,0.2,8.9535,0.55,0.67,0.1042,0.05,1.5,4.0,8.2,0.0,0,LOW
Nagapattinam_Coast,10.77,79.84,"Nagapattinam — 2004 tsunami affected, low coast",1.0,1600.0,0.495,1.8,0.2,8.9535,0.65,0.61,0.2083,0.1,2.0,4.5,8.2,1.66,0,LOW
Nagapattinam_Coast,10.77,79.84,"Nagapattinam — 2004 tsunami affected, low coast",2.0,2000.0,0.55,1.8,0.2,8.9535,0.75,0.55,0.4167,0.2,2.5,5.0,8.2,16.47,1,MEDIUM
Nagapattinam_Coast,10.77,79.84,"Nagapattinam — 2004 tsunami affected, low coast",3.0,2400.0,0.605,1.8,0.2,8.9535,0.85,0.49,0.625,0.3,3.0,5.5,8.2,31.29,2,HIGH
Nagapattinam_Coast,10.77,79.84,"Nagapattinam — 2004 tsunami affected, low coast",5.0,3200.0,0.66,1.8,0.2,8.9535,1.0,0.4,1.0417,0.5,4.0,6.0,8.2,60.33,2,HIGH
Nagapattinam_Coast,10.77,79.84,"Nagapattinam — 2004 tsunami affected, low coast",7.5,4000.0,0.715,1.8,0.2,8.9535,1.15,0.31,1.5625,0.75,5.0,6.5,8.2,96.19,2,HIGH
Nagapattinam_Coast,10.77,79.84,"Nagapattinam — 2004 tsunami affected, low coast",10.0,4400.0,0.77,1.8,0.2,8.9535,1.25,0.25,2.0833,1.0,5.5,7.0,8.2,131.45,2,HIGH
Nagapattinam_Coast,10.77,79.84,"Nagapattinam — 2004 tsunami affected, low coast",15.0,5200.0,0.825,1.8,0.2,8.9535,1.4,0.16,3.125,1.5,6.5,7.5,8.2,200.0,2,HIGH
Nagapattinam_Coast,10.77,79.84,"Nagapattinam — 2004 tsunami affected, low coast",20.0,5600.0,0.88,1.8,0.2,8.9535,1.5,0.1,4.1667,2.0,7.0,8.0,8.2,200.0,2,HIGH
Nagapattinam_Coast,10.77,79.84,"Nagapattinam — 2004 tsunami affected, low coast",25.0,6000.0,0.935,1.8,0.2,8.9535,1.6,0.05,5.2083,2.5,7.5,8.5,8.2,200.0,2,HIGH
Nagapattinam_Coast,10.77,79.84,"Nagapattinam — 2004 tsunami affected, low coast",35.0,6800.0,0.99,1.8,0.2,8.9535,1.75,0.05,7.2917,3.5,8.5,9.0,8.2,200.0,2,HIGH
Nagapattinam_Coast,10.77,79.84,"Nagapattinam — 2004 tsunami affected, low coast",45.0,7200.0,1.012,1.8,0.2,8.9535,1.82,0.05,9.375,4.5,9.0,9.2,8.2,200.0,2,HIGH
Nagapattinam_Coast,10.77,79.84,"Nagapattinam — 2004 tsunami affected, low coast",55.0,7600.0,1.045,1.8,0.2,8.9535,1.9,0.05,11.4583,5.5,9.5,9.5,8.2,200.0,2,HIGH
Nagapattinam_Coast,10.77,79.84,"Nagapattinam — 2004 tsunami affected, low coast",80.0,8000.0,1.067,1.8,0.2,8.9535,1.97,0.05,16.6667,8.0,10.0,9.7,8.2,200.0,2,HIGH
Nagapattinam_Coast,10.77,79.84,"Nagapattinam — 2004 tsunami affected, low coast",100.0,8800.0,1.1,1.8,0.2,8.9535,2.1,0.05,20.8333,10.0,10.0,10.0,8.2,200.0,2,HIGH
Nagapattinam_Coast,10.77,79.84,"Nagapattinam — 2004 tsunami affected, low coast",120.0,9600.0,1.1,1.8,0.2,8.9535,2.2,0.05,25.0,10.0,10.0,10.0,8.2,200.0,2,HIGH
Nagapattinam_Coast,10.77,79.84,"Nagapattinam — 2004 tsunami affected, low coast",2.0,4800.0,1.045,1.8,0.2,8.9535,1.55,0.07,0.4167,0.2,6.0,9.5,8.2,25.9,1,MEDIUM
Nagapattinam_Coast,10.77,79.84,"Nagapattinam — 2004 tsunami affected, low coast",5.0,5600.0,1.1,1.8,0.2,8.9535,1.7,0.05,1.0417,0.5,7.0,10.0,8.2,67.2,2,HIGH
Nagapattinam_Coast,10.77,79.84,"Nagapattinam — 2004 tsunami affected, low coast",10.0,7200.0,0.55,1.8,0.2,8.9535,1.4,0.16,2.0833,1.0,9.0,5.0,8.2,133.22,2,HIGH
Nagapattinam_Coast,10.77,79.84,"Nagapattinam — 2004 tsunami affected, low coast",15.0,8000.0,0.66,1.8,0.2,8.9535,1.6,0.05,3.125,1.5,10.0,6.0,8.2,200.0,2,HIGH
Kumbakonam_Low,10.96,79.38,Kumbakonam — Cauvery branch flooding,0.0,800.0,0.33,4.2,0.4,9.1076,0.4,0.76,0.0,0.0,1.0,3.0,5.8,0.0,0,LOW
Kumbakonam_Low,10.96,79.38,Kumbakonam — Cauvery branch flooding,0.2,960.0,0.385,4.2,0.4,9.1076,0.47,0.718,0.0611,0.02,1.2,3.5,5.8,0.0,0,LOW
Kumbakonam_Low,10.96,79.38,Kumbakonam — Cauvery branch flooding,0.5,1200.0,0.44,4.2,0.4,9.1076,0.55,0.67,0.1528,0.05,1.5,4.0,5.8,0.0,0,LOW
Kumbakonam_Low,10.96,79.38,Kumbakonam — Cauvery branch flooding,1.0,1600.0,0.495,4.2,0.4,9.1076,0.65,0.61,0.3056,0.1,2.0,4.5,5.8,0.03,0,LOW
Kumbakonam_Low,10.96,79.38,Kumbakonam — Cauvery branch flooding,2.0,2000.0,0.55,4.2,0.4,9.1076,0.75,0.55,0.6111,0.2,2.5,5.0,5.8,17.29,1,MEDIUM
Kumbakonam_Low,10.96,79.38,Kumbakonam — Cauvery branch flooding,3.0,2400.0,0.605,4.2,0.4,9.1076,0.85,0.49,0.9167,0.3,3.0,5.5,5.8,34.54,2,HIGH
Kumbakonam_Low,10.96,79.38,Kumbakonam — Cauvery branch flooding,5.0,3200.0,0.66,4.2,0.4,9.1076,1.0,0.4,1.5278,0.5,4.0,6.0,5.8,68.29,2,HIGH
Kumbakonam_Low,10.96,79.38,Kumbakonam — Cauvery branch flooding,7.5,4000.0,0.715,4.2,0.4,9.1076,1.15,0.31,2.2917,0.75,5.0,6.5,5.8,109.89,2,HIGH
Kumbakonam_Low,10.96,79.38,Kumbakonam — Cauvery branch flooding,10.0,4400.0,0.77,4.2,0.4,9.1076,1.25,0.25,3.0556,1.0,5.5,7.0,5.8,150.72,2,HIGH
Kumbakonam_Low,10.96,79.38,Kumbakonam — Cauvery branch flooding,15.0,5200.0,0.825,4.2,0.4,9.1076,1.4,0.16,4.5833,1.5,6.5,7.5,5.8,200.0,2,HIGH
Kumbakonam_Low,10.96,79.38,Kumbakonam — Cauvery branch flooding,20.0,5600.0,0.88,4.2,0.4,9.1076,1.5,0.1,6.1111,2.0,7.0,8.0,5.8,200.0,2,HIGH
Kumbakonam_Low,10.96,79.38,Kumbakonam — Cauvery branch flooding,25.0,6000.0,0.935,4.2,0.4,9.1076,1.6,0.05,7.6389,2.5,7.5,8.5,5.8,200.0,2,HIGH
Kumbakonam_Low,10.96,79.38,Kumbakonam — Cauvery branch flooding,35.0,6800.0,0.99,4.2,0.4,9.1076,1.75,0.05,10.6944,3.5,8.5,9.0,5.8,200.0,2,HIGH
Kumbakonam_Low,10.96,79.38,Kumbakonam — Cauvery branch flooding,45.0,7200.0,1.012,4.2,0.4,9.1076,1.82,0.05,13.75,4.5,9.0,9.2,5.8,200.0,2,HIGH
Kumbakonam_Low,10.96,79.38,Kumbakonam — Cauvery branch flooding,55.0,7600.0,1.045,4.2,0.4,9.1076,1.9,0.05,16.8056,5.5,9.5,9.5,5.8,200.0,2,HIGH
Kumbakonam_Low,10.96,79.38,Kumbakonam — Cauvery branch flooding,80.0,8000.0,1.067,4.2,0.4,9.1076,1.97,0.05,24.4444,8.0,10.0,9.7,5.8,200.0,2,HIGH
Kumbakonam_Low,10.96,79.38,Kumbakonam — Cauvery branch flooding,100.0,8800.0,1.1,4.2,0.4,9.1076,2.1,0.05,30.5556,10.0,10.0,10.0,5.8,200.0,2,HIGH
Kumbakonam_Low,10.96,79.38,Kumbakonam — Cauvery branch flooding,120.0,9600.0,1.1,4.2,0.4,9.1076,2.2,0.05,36.6667,10.0,10.0,10.0,5.8,200.0,2,HIGH
Kumbakonam_Low,10.96,79.38,Kumbakonam — Cauvery branch flooding,2.0,4800.0,1.045,4.2,0.4,9.1076,1.55,0.07,0.6111,0.2,6.0,9.5,5.8,29.63,1,MEDIUM
Kumbakonam_Low,10.96,79.38,Kumbakonam — Cauvery branch flooding,5.0,5600.0,1.1,4.2,0.4,9.1076,1.7,0.05,1.5278,0.5,7.0,10.0,5.8,77.29,2,HIGH
Kumbakonam_Low,10.96,79.38,Kumbakonam — Cauvery branch flooding,10.0,7200.0,0.55,4.2,0.4,9.1076,1.4,0.16,3.0556,1.0,9.0,5.0,5.8,153.03,2,HIGH
Kumbakonam_Low,10.96,79.38,Kumbakonam — Cauvery branch flooding,15.0,8000.0,0.66,4.2,0.4,9.1076,1.6,0.05,4.5833,1.5,10.0,6.0,5.8,200.0,2,HIGH
Madurai_Vaigai_Low,9.92,78.12,Madurai low — Vaigai river adjacent,0.0,300.0,0.285,4.8,0.6,8.8357,0.4,0.76,0.0,0.0,1.0,3.0,5.2,0.0,0,LOW
Madurai_Vaigai_Low,9.92,78.12,Madurai low — Vaigai river adjacent,0.2,360.0,0.332,4.8,0.6,8.8357,0.47,0.718,0.0625,0.02,1.2,3.5,5.2,0.0,0,LOW
Madurai_Vaigai_Low,9.92,78.12,Madurai low — Vaigai river adjacent,0.5,450.0,0.38,4.8,0.6,8.8357,0.55,0.67,0.1563,0.05,1.5,4.0,5.2,0.0,0,LOW
Madurai_Vaigai_Low,9.92,78.12,Madurai low — Vaigai river adjacent,1.0,600.0,0.427,4.8,0.6,8.8357,0.65,0.61,0.3125,0.1,2.0,4.5,5.2,0.0,0,LOW
Madurai_Vaigai_Low,9.92,78.12,Madurai low — Vaigai river adjacent,2.0,750.0,0.475,4.8,0.6,8.8357,0.75,0.55,0.625,0.2,2.5,5.0,5.2,15.17,1,MEDIUM
Madurai_Vaigai_Low,9.92,78.12,Madurai low — Vaigai river adjacent,3.0,900.0,0.522,4.8,0.6,8.8357,0.85,0.49,0.9375,0.3,3.0,5.5,5.2,33.09,2,HIGH
Madurai_Vaigai_Low,9.92,78.12,Madurai low — Vaigai river adjacent,5.0,1200.0,0.57,4.8,0.6,8.8357,1.0,0.4,1.5625,0.5,4.0,6.0,5.2,68.01,2,HIGH
Madurai_Vaigai_Low,9.92,78.12,Madurai low — Vaigai river adjacent,7.5,1500.0,0.617,4.8,0.6,8.8357,1.15,0.31,2.3438,0.75,5.0,6.5,5.2,110.97,2,HIGH
Madurai_Vaigai_Low,9.92,78.12,Madurai low — Vaigai river adjacent,10.0,1650.0,0.665,4.8,0.6,8.8357,1.25,0.25,3.125,1.0,5.5,7.0,5.2,153.0,2,HIGH
Madurai_Vaigai_Low,9.92,78.12,Madurai low — Vaigai river adjacent,15.0,1950.0,0.712,4.8,0.6,8.8357,1.4,0.16,4.6875,1.5,6.5,7.5,5.2,200.0,2,HIGH
Madurai_Vaigai_Low,9.92,78.12,Madurai low — Vaigai river adjacent,20.0,2100.0,0.76,4.8,0.6,8.8357,1.5,0.1,6.25,2.0,7.0,8.0,5.2,200.0,2,HIGH
Madurai_Vaigai_Low,9.92,78.12,Madurai low — Vaigai river adjacent,25.0,2250.0,0.807,4.8,0.6,8.8357,1.6,0.05,7.8125,2.5,7.5,8.5,5.2,200.0,2,HIGH
Madurai_Vaigai_Low,9.92,78.12,Madurai low — Vaigai river adjacent,35.0,2550.0,0.855,4.8,0.6,8.8357,1.75,0.05,10.9375,3.5,8.5,9.0,5.2,200.0,2,HIGH
Madurai_Vaigai_Low,9.92,78.12,Madurai low — Vaigai river adjacent,45.0,2700.0,0.874,4.8,0.6,8.8357,1.82,0.05,14.0625,4.5,9.0,9.2,5.2,200.0,2,HIGH
Madurai_Vaigai_Low,9.92,78.12,Madurai low — Vaigai river adjacent,55.0,2850.0,0.902,4.8,0.6,8.8357,1.9,0.05,17.1875,5.5,9.5,9.5,5.2,200.0,2,HIGH
Madurai_Vaigai_Low,9.92,78.12,Madurai low — Vaigai river adjacent,80.0,3000.0,0.921,4.8,0.6,8.8357,1.97,0.05,25.0,8.0,10.0,9.7,5.2,200.0,2,HIGH
Madurai_Vaigai_Low,9.92,78.12,Madurai low — Vaigai river adjacent,100.0,3300.0,0.95,4.8,0.6,8.8357,2.1,0.05,31.25,10.0,10.0,10.0,5.2,200.0,2,HIGH
Madurai_Vaigai_Low,9.92,78.12,Madurai low — Vaigai river adjacent,120.0,3600.0,0.95,4.8,0.6,8.8357,2.2,0.05,37.5,10.0,10.0,10.0,5.2,200.0,2,HIGH
Madurai_Vaigai_Low,9.92,78.12,Madurai low — Vaigai river adjacent,2.0,1800.0,0.902,4.8,0.6,8.8357,1.55,0.07,0.625,0.2,6.0,9.5,5.2,29.98,1,MEDIUM
Madurai_Vaigai_Low,9.92,78.12,Madurai low — Vaigai river adjacent,5.0,2100.0,0.95,4.8,0.6,8.8357,1.7,0.05,1.5625,0.5,7.0,10.0,5.2,78.81,2,HIGH
Madurai_Vaigai_Low,9.92,78.12,Madurai low — Vaigai river adjacent,10.0,2700.0,0.475,4.8,0.6,8.8357,1.4,0.16,3.125,1.0,9.0,5.0,5.2,155.78,2,HIGH
Madurai_Vaigai_Low,9.92,78.12,Madurai low — Vaigai river adjacent,15.0,3000.0,0.57,4.8,0.6,8.8357,1.6,0.05,4.6875,1.5,10.0,6.0,5.2,200.0,2,HIGH
Tirunelveli_Tamiraparani,8.71,77.76,Tirunelveli — Tamiraparani seasonal flooding,0.0,250.0,0.285,5.5,0.8,8.6841,0.4,0.76,0.0,0.0,1.0,3.0,4.5,0.0,0,LOW
Tirunelveli_Tamiraparani,8.71,77.76,Tirunelveli — Tamiraparani seasonal flooding,0.2,300.0,0.332,5.5,0.8,8.6841,0.47,0.718,0.075,0.02,1.2,3.5,4.5,0.0,0,LOW
Tirunelveli_Tamiraparani,8.71,77.76,Tirunelveli — Tamiraparani seasonal flooding,0.5,375.0,0.38,5.5,0.8,8.6841,0.55,0.67,0.1875,0.05,1.5,4.0,4.5,0.0,0,LOW
Tirunelveli_Tamiraparani,8.71,77.76,Tirunelveli — Tamiraparani seasonal flooding,1.0,500.0,0.427,5.5,0.8,8.6841,0.65,0.61,0.375,0.1,2.0,4.5,4.5,0.0,0,LOW
Tirunelveli_Tamiraparani,8.71,77.76,Tirunelveli — Tamiraparani seasonal flooding,2.0,625.0,0.475,5.5,0.8,8.6841,0.75,0.55,0.75,0.2,2.5,5.0,4.5,16.43,1,MEDIUM
Tirunelveli_Tamiraparani,8.71,77.76,Tirunelveli — Tamiraparani seasonal flooding,3.0,750.0,0.522,5.5,0.8,8.6841,0.85,0.49,1.125,0.3,3.0,5.5,4.5,35.19,2,HIGH
Tirunelveli_Tamiraparani,8.71,77.76,Tirunelveli — Tamiraparani seasonal flooding,5.0,1000.0,0.57,5.5,0.8,8.6841,1.0,0.4,1.875,0.5,4.0,6.0,4.5,71.78,2,HIGH
Tirunelveli_Tamiraparani,8.71,77.76,Tirunelveli — Tamiraparani seasonal flooding,7.5,1250.0,0.617,5.5,0.8,8.6841,1.15,0.31,2.8125,0.75,5.0,6.5,4.5,116.8,2,HIGH
Tirunelveli_Tamiraparani,8.71,77.76,Tirunelveli — Tamiraparani seasonal flooding,10.0,1375.0,0.665,5.5,0.8,8.6841,1.25,0.25,3.75,1.0,5.5,7.0,4.5,160.88,2,HIGH
Tirunelveli_Tamiraparani,8.71,77.76,Tirunelveli — Tamiraparani seasonal flooding,15.0,1625.0,0.712,5.5,0.8,8.6841,1.4,0.16,5.625,1.5,6.5,7.5,4.5,200.0,2,HIGH
Tirunelveli_Tamiraparani,8.71,77.76,Tirunelveli — Tamiraparani seasonal flooding,20.0,1750.0,0.76,5.5,0.8,8.6841,1.5,0.1,7.5,2.0,7.0,8.0,4.5,200.0,2,HIGH
Tirunelveli_Tamiraparani,8.71,77.76,Tirunelveli — Tamiraparani seasonal flooding,25.0,1875.0,0.807,5.5,0.8,8.6841,1.6,0.05,9.375,2.5,7.5,8.5,4.5,200.0,2,HIGH
Tirunelveli_Tamiraparani,8.71,77.76,Tirunelveli — Tamiraparani seasonal flooding,35.0,2125.0,0.855,5.5,0.8,8.6841,1.75,0.05,13.125,3.5,8.5,9.0,4.5,200.0,2,HIGH
Tirunelveli_Tamiraparani,8.71,77.76,Tirunelveli — Tamiraparani seasonal flooding,45.0,2250.0,0.874,5.5,0.8,8.6841,1.82,0.05,16.875,4.5,9.0,9.2,4.5,200.0,2,HIGH
Tirunelveli_Tamiraparani,8.71,77.76,Tirunelveli — Tamiraparani seasonal flooding,55.0,2375.0,0.902,5.5,0.8,8.6841,1.9,0.05,20.625,5.5,9.5,9.5,4.5,200.0,2,HIGH
Tirunelveli_Tamiraparani,8.71,77.76,Tirunelveli — Tamiraparani seasonal flooding,80.0,2500.0,0.921,5.5,0.8,8.6841,1.97,0.05,30.0,8.0,10.0,9.7,4.5,200.0,2,HIGH
Tirunelveli_Tamiraparani,8.71,77.76,Tirunelveli — Tamiraparani seasonal flooding,100.0,2750.0,0.95,5.5,0.8,8.6841,2.1,0.05,37.5,10.0,10.0,10.0,4.5,200.0,2,HIGH
Tirunelveli_Tamiraparani,8.71,77.76,Tirunelveli — Tamiraparani seasonal flooding,120.0,3000.0,0.95,5.5,0.8,8.6841,2.2,0.05,45.0,10.0,10.0,10.0,4.5,200.0,2,HIGH
Tirunelveli_Tamiraparani,8.71,77.76,Tirunelveli — Tamiraparani seasonal flooding,2.0,1500.0,0.902,5.5,0.8,8.6841,1.55,0.07,0.75,0.2,6.0,9.5,4.5,31.55,2,HIGH
Tirunelveli_Tamiraparani,8.71,77.76,Tirunelveli — Tamiraparani seasonal flooding,5.0,1750.0,0.95,5.5,0.8,8.6841,1.7,0.05,1.875,0.5,7.0,10.0,4.5,82.8,2,HIGH
Tirunelveli_Tamiraparani,8.71,77.76,Tirunelveli — Tamiraparani seasonal flooding,10.0,2250.0,0.475,5.5,0.8,8.6841,1.4,0.16,3.75,1.0,9.0,5.0,4.5,163.71,2,HIGH
Tirunelveli_Tamiraparani,8.71,77.76,Tirunelveli — Tamiraparani seasonal flooding,15.0,2500.0,0.57,5.5,0.8,8.6841,1.6,0.05,5.625,1.5,10.0,6.0,4.5,200.0,2,HIGH
Tuticorin_Coast,8.8,78.14,"Tuticorin coast — harbour city, tidal influence",0.0,250.0,0.285,2.5,0.3,8.8765,0.4,0.76,0.0,0.0,1.0,3.0,7.5,0.0,0,LOW
Tuticorin_Coast,8.8,78.14,"Tuticorin coast — harbour city, tidal influence",0.2,300.0,0.332,2.5,0.3,8.8765,0.47,0.718,0.0375,0.02,1.2,3.5,7.5,0.0,0,LOW
Tuticorin_Coast,8.8,78.14,"Tuticorin coast — harbour city, tidal influence",0.5,375.0,0.38,2.5,0.3,8.8765,0.55,0.67,0.0938,0.05,1.5,4.0,7.5,0.0,0,LOW
Tuticorin_Coast,8.8,78.14,"Tuticorin coast — harbour city, tidal influence",1.0,500.0,0.427,2.5,0.3,8.8765,0.65,0.61,0.1875,0.1,2.0,4.5,7.5,0.0,0,LOW
Tuticorin_Coast,8.8,78.14,"Tuticorin coast — harbour city, tidal influence",2.0,625.0,0.475,2.5,0.3,8.8765,0.75,0.55,0.375,0.2,2.5,5.0,7.5,13.14,1,MEDIUM
Tuticorin_Coast,8.8,78.14,"Tuticorin coast — harbour city, tidal influence",3.0,750.0,0.522,2.5,0.3,8.8765,0.85,0.49,0.5625,0.3,3.0,5.5,7.5,28.15,1,MEDIUM
Tuticorin_Coast,8.8,78.14,"Tuticorin coast — harbour city, tidal influence",5.0,1000.0,0.57,2.5,0.3,8.8765,1.0,0.4,0.9375,0.5,4.0,6.0,7.5,57.42,2,HIGH
Tuticorin_Coast,8.8,78.14,"Tuticorin coast — harbour city, tidal influence",7.5,1250.0,0.617,2.5,0.3,8.8765,1.15,0.31,1.4062,0.75,5.0,6.5,7.5,93.43,2,HIGH
Tuticorin_Coast,8.8,78.14,"Tuticorin coast — harbour city, tidal influence",10.0,1375.0,0.665,2.5,0.3,8.8765,1.25,0.25,1.875,1.0,5.5,7.0,7.5,128.7,2,HIGH
Tuticorin_Coast,8.8,78.14,"Tuticorin coast — harbour city, tidal influence",15.0,1625.0,0.712,2.5,0.3,8.8765,1.4,0.16,2.8125,1.5,6.5,7.5,7.5,198.47,2,HIGH
Tuticorin_Coast,8.8,78.14,"Tuticorin coast — harbour city, tidal influence",20.0,1750.0,0.76,2.5,0.3,8.8765,1.5,0.1,3.75,2.0,7.0,8.0,7.5,200.0,2,HIGH
Tuticorin_Coast,8.8,78.14,"Tuticorin coast — harbour city, tidal influence",25.0,1875.0,0.807,2.5,0.3,8.8765,1.6,0.05,4.6875,2.5,7.5,8.5,7.5,200.0,2,HIGH
Tuticorin_Coast,8.8,78.14,"Tuticorin coast — harbour city, tidal influence",35.0,2125.0,0.855,2.5,0.3,8.8765,1.75,0.05,6.5625,3.5,8.5,9.0,7.5,200.0,2,HIGH
Tuticorin_Coast,8.8,78.14,"Tuticorin coast — harbour city, tidal influence",45.0,2250.0,0.874,2.5,0.3,8.8765,1.82,0.05,8.4375,4.5,9.0,9.2,7.5,200.0,2,HIGH
Tuticorin_Coast,8.8,78.14,"Tuticorin coast — harbour city, tidal influence",55.0,2375.0,0.902,2.5,0.3,8.8765,1.9,0.05,10.3125,5.5,9.5,9.5,7.5,200.0,2,HIGH
Tuticorin_Coast,8.8,78.14,"Tuticorin coast — harbour city, tidal influence",80.0,2500.0,0.921,2.5,0.3,8.8765,1.97,0.05,15.0,8.0,10.0,9.7,7.5,200.0,2,HIGH
Tuticorin_Coast,8.8,78.14,"Tuticorin coast — harbour city, tidal influence",100.0,2750.0,0.95,2.5,0.3,8.8765,2.1,0.05,18.75,10.0,10.0,10.0,7.5,200.0,2,HIGH
Tuticorin_Coast,8.8,78.14,"Tuticorin coast — harbour city, tidal influence",120.0,3000.0,0.95,2.5,0.3,8.8765,2.2,0.05,22.5,10.0,10.0,10.0,7.5,200.0,2,HIGH
Tuticorin_Coast,8.8,78.14,"Tuticorin coast — harbour city, tidal influence",2.0,1500.0,0.902,2.5,0.3,8.8765,1.55,0.07,0.375,0.2,6.0,9.5,7.5,25.24,1,MEDIUM
Tuticorin_Coast,8.8,78.14,"Tuticorin coast — harbour city, tidal influence",5.0,1750.0,0.95,2.5,0.3,8.8765,1.7,0.05,0.9375,0.5,7.0,10.0,7.5,66.24,2,HIGH
Tuticorin_Coast,8.8,78.14,"Tuticorin coast — harbour city, tidal influence",10.0,2250.0,0.475,2.5,0.3,8.8765,1.4,0.16,1.875,1.0,9.0,5.0,7.5,130.97,2,HIGH
Tuticorin_Coast,8.8,78.14,"Tuticorin coast — harbour city, tidal influence",15.0,2500.0,0.57,2.5,0.3,8.8765,1.6,0.05,2.8125,1.5,10.0,6.0,7.5,200.0,2,HIGH
Rameswaram_Island,9.29,79.31,"Rameswaram — island, sea on both sides, extreme risk",0.0,250.0,0.255,1.2,0.1,9.2412,0.4,0.76,0.0,0.0,1.0,3.0,8.8,0.0,0,LOW
Rameswaram_Island,9.29,79.31,"Rameswaram — island, sea on both sides, extreme risk",0.2,300.0,0.297,1.2,0.1,9.2412,0.47,0.718,0.0208,0.02,1.2,3.5,8.8,0.0,0,LOW
Rameswaram_Island,9.29,79.31,"Rameswaram — island, sea on both sides, extreme risk",0.5,375.0,0.34,1.2,0.1,9.2412,0.55,0.67,0.0521,0.05,1.5,4.0,8.8,0.0,0,LOW
Rameswaram_Island,9.29,79.31,"Rameswaram — island, sea on both sides, extreme risk",1.0,500.0,0.383,1.2,0.1,9.2412,0.65,0.61,0.1042,0.1,2.0,4.5,8.8,1.52,0,LOW
Rameswaram_Island,9.29,79.31,"Rameswaram — island, sea on both sides, extreme risk",2.0,625.0,0.425,1.2,0.1,9.2412,0.75,0.55,0.2083,0.2,2.5,5.0,8.8,15.1,1,MEDIUM
Rameswaram_Island,9.29,79.31,"Rameswaram — island, sea on both sides, extreme risk",3.0,750.0,0.468,1.2,0.1,9.2412,0.85,0.49,0.3125,0.3,3.0,5.5,8.8,28.68,1,MEDIUM
Rameswaram_Island,9.29,79.31,"Rameswaram — island, sea on both sides, extreme risk",5.0,1000.0,0.51,1.2,0.1,9.2412,1.0,0.4,0.5208,0.5,4.0,6.0,8.8,55.3,2,HIGH
Rameswaram_Island,9.29,79.31,"Rameswaram — island, sea on both sides, extreme risk",7.5,1250.0,0.552,1.2,0.1,9.2412,1.15,0.31,0.7812,0.75,5.0,6.5,8.8,88.16,2,HIGH
Rameswaram_Island,9.29,79.31,"Rameswaram — island, sea on both sides, extreme risk",10.0,1375.0,0.595,1.2,0.1,9.2412,1.25,0.25,1.0417,1.0,5.5,7.0,8.8,120.5,2,HIGH
Rameswaram_Island,9.29,79.31,"Rameswaram — island, sea on both sides, extreme risk",15.0,1625.0,0.637,1.2,0.1,9.2412,1.4,0.16,1.5625,1.5,6.5,7.5,8.8,184.62,2,HIGH
Rameswaram_Island,9.29,79.31,"Rameswaram — island, sea on both sides, extreme risk",20.0,1750.0,0.68,1.2,0.1,9.2412,1.5,0.1,2.0833,2.0,7.0,8.0,8.8,200.0,2,HIGH
Rameswaram_Island,9.29,79.31,"Rameswaram — island, sea on both sides, extreme risk",25.0,1875.0,0.722,1.2,0.1,9.2412,1.6,0.05,2.6042,2.5,7.5,8.5,8.8,200.0,2,HIGH
Rameswaram_Island,9.29,79.31,"Rameswaram — island, sea on both sides, extreme risk",35.0,2125.0,0.765,1.2,0.1,9.2412,1.75,0.05,3.6458,3.5,8.5,9.0,8.8,200.0,2,HIGH
Rameswaram_Island,9.29,79.31,"Rameswaram — island, sea on both sides, extreme risk",45.0,2250.0,0.782,1.2,0.1,9.2412,1.82,0.05,4.6875,4.5,9.0,9.2,8.8,200.0,2,HIGH
Rameswaram_Island,9.29,79.31,"Rameswaram — island, sea on both sides, extreme risk",55.0,2375.0,0.807,1.2,0.1,9.2412,1.9,0.05,5.7292,5.5,9.5,9.5,8.8,200.0,2,HIGH
Rameswaram_Island,9.29,79.31,"Rameswaram — island, sea on both sides, extreme risk",80.0,2500.0,0.825,1.2,0.1,9.2412,1.97,0.05,8.3333,8.0,10.0,9.7,8.8,200.0,2,HIGH
Rameswaram_Island,9.29,79.31,"Rameswaram — island, sea on both sides, extreme risk",100.0,2750.0,0.85,1.2,0.1,9.2412,2.1,0.05,10.4167,10.0,10.0,10.0,8.8,200.0,2,HIGH
Rameswaram_Island,9.29,79.31,"Rameswaram — island, sea on both sides, extreme risk",120.0,3000.0,0.85,1.2,0.1,9.2412,2.2,0.05,12.5,10.0,10.0,10.0,8.8,200.0,2,HIGH
Rameswaram_Island,9.29,79.31,"Rameswaram — island, sea on both sides, extreme risk",2.0,1500.0,0.807,1.2,0.1,9.2412,1.55,0.07,0.2083,0.2,6.0,9.5,8.8,23.74,1,MEDIUM
Rameswaram_Island,9.29,79.31,"Rameswaram — island, sea on both sides, extreme risk",5.0,1750.0,0.85,1.2,0.1,9.2412,1.7,0.05,0.5208,0.5,7.0,10.0,8.8,61.6,2,HIGH
Rameswaram_Island,9.29,79.31,"Rameswaram — island, sea on both sides, extreme risk",10.0,2250.0,0.425,1.2,0.1,9.2412,1.4,0.16,1.0417,1.0,9.0,5.0,8.8,122.12,2,HIGH
Rameswaram_Island,9.29,79.31,"Rameswaram — island, sea on both sides, extreme risk",15.0,2500.0,0.51,1.2,0.1,9.2412,1.6,0.05,1.5625,1.5,10.0,6.0,8.8,186.6,2,HIGH
Vellore_Palar,12.92,79.13,"Vellore — Palar river, inland, less tide influence",0.0,150.0,0.42,7.2,1.1,8.6349,0.4,0.76,0.0,0.0,1.0,3.0,2.8,0.0,0,LOW
Vellore_Palar,12.92,79.13,"Vellore — Palar river, inland, less tide influence",0.2,180.0,0.49,7.2,1.1,8.6349,0.47,0.718,0.0764,0.02,1.2,3.5,2.8,0.0,0,LOW
Vellore_Palar,12.92,79.13,"Vellore — Palar river, inland, less tide influence",0.5,225.0,0.56,7.2,1.1,8.6349,0.55,0.67,0.191,0.05,1.5,4.0,2.8,0.0,0,LOW
Vellore_Palar,12.92,79.13,"Vellore — Palar river, inland, less tide influence",1.0,300.0,0.63,7.2,1.1,8.6349,0.65,0.61,0.3819,0.1,2.0,4.5,2.8,0.0,0,LOW
Vellore_Palar,12.92,79.13,"Vellore — Palar river, inland, less tide influence",2.0,375.0,0.7,7.2,1.1,8.6349,0.75,0.55,0.7639,0.2,2.5,5.0,2.8,11.66,1,MEDIUM
Vellore_Palar,12.92,79.13,"Vellore — Palar river, inland, less tide influence",3.0,450.0,0.77,7.2,1.1,8.6349,0.85,0.49,1.1458,0.3,3.0,5.5,2.8,27.14,1,MEDIUM
Vellore_Palar,12.92,79.13,"Vellore — Palar river, inland, less tide influence",5.0,600.0,0.84,7.2,1.1,8.6349,1.0,0.4,1.9097,0.5,4.0,6.0,2.8,57.23,2,HIGH
Vellore_Palar,12.92,79.13,"Vellore — Palar river, inland, less tide influence",7.5,750.0,0.91,7.2,1.1,8.6349,1.15,0.31,2.8646,0.75,5.0,6.5,2.8,94.2,2,HIGH
Vellore_Palar,12.92,79.13,"Vellore — Palar river, inland, less tide influence",10.0,825.0,0.98,7.2,1.1,8.6349,1.25,0.25,3.8194,1.0,5.5,7.0,2.8,130.3,2,HIGH
Vellore_Palar,12.92,79.13,"Vellore — Palar river, inland, less tide influence",15.0,975.0,1.05,7.2,1.1,8.6349,1.4,0.16,5.7292,1.5,6.5,7.5,2.8,200.0,2,HIGH
Vellore_Palar,12.92,79.13,"Vellore — Palar river, inland, less tide influence",20.0,1050.0,1.12,7.2,1.1,8.6349,1.5,0.1,7.6389,2.0,7.0,8.0,2.8,200.0,2,HIGH
Vellore_Palar,12.92,79.13,"Vellore — Palar river, inland, less tide influence",25.0,1125.0,1.19,7.2,1.1,8.6349,1.6,0.05,9.5486,2.5,7.5,8.5,2.8,200.0,2,HIGH
Vellore_Palar,12.92,79.13,"Vellore — Palar river, inland, less tide influence",35.0,1275.0,1.26,7.2,1.1,8.6349,1.75,0.05,13.3681,3.5,8.5,9.0,2.8,200.0,2,HIGH
Vellore_Palar,12.92,79.13,"Vellore — Palar river, inland, less tide influence",45.0,1350.0,1.288,7.2,1.1,8.6349,1.82,0.05,17.1875,4.5,9.0,9.2,2.8,200.0,2,HIGH
Vellore_Palar,12.92,79.13,"Vellore — Palar river, inland, less tide influence",55.0,1425.0,1.33,7.2,1.1,8.6349,1.9,0.05,21.0069,5.5,9.5,9.5,2.8,200.0,2,HIGH
Vellore_Palar,12.92,79.13,"Vellore — Palar river, inland, less tide influence",80.0,1500.0,1.358,7.2,1.1,8.6349,1.97,0.05,30.5556,8.0,10.0,9.7,2.8,200.0,2,HIGH
Vellore_Palar,12.92,79.13,"Vellore — Palar river, inland, less tide influence",100.0,1650.0,1.4,7.2,1.1,8.6349,2.1,0.05,38.1944,10.0,10.0,10.0,2.8,200.0,2,HIGH
Vellore_Palar,12.92,79.13,"Vellore — Palar river, inland, less tide influence",120.0,1800.0,1.4,7.2,1.1,8.6349,2.2,0.05,45.8333,10.0,10.0,10.0,2.8,200.0,2,HIGH
Vellore_Palar,12.92,79.13,"Vellore — Palar river, inland, less tide influence",2.0,900.0,1.33,7.2,1.1,8.6349,1.55,0.07,0.7639,0.2,6.0,9.5,2.8,25.48,1,MEDIUM
Vellore_Palar,12.92,79.13,"Vellore — Palar river, inland, less tide influence",5.0,1050.0,1.4,7.2,1.1,8.6349,1.7,0.05,1.9097,0.5,7.0,10.0,2.8,67.31,2,HIGH
Vellore_Palar,12.92,79.13,"Vellore — Palar river, inland, less tide influence",10.0,1350.0,0.7,7.2,1.1,8.6349,1.4,0.16,3.8194,1.0,9.0,5.0,2.8,132.89,2,HIGH
Vellore_Palar,12.92,79.13,"Vellore — Palar river, inland, less tide influence",15.0,1500.0,0.84,7.2,1.1,8.6349,1.6,0.05,5.7292,1.5,10.0,6.0,2.8,200.0,2,HIGH
Kanchipuram,12.83,79.7,"Kanchipuram — relatively higher, safer",0.0,150.0,0.42,8.5,1.5,8.4906,0.4,0.76,0.0,0.0,1.0,3.0,1.5,0.0,0,LOW
Kanchipuram,12.83,79.7,"Kanchipuram — relatively higher, safer",0.2,180.0,0.49,8.5,1.5,8.4906,0.47,0.718,0.0611,0.02,1.2,3.5,1.5,0.0,0,LOW
Kanchipuram,12.83,79.7,"Kanchipuram — relatively higher, safer",0.5,225.0,0.56,8.5,1.5,8.4906,0.55,0.67,0.1528,0.05,1.5,4.0,1.5,0.0,0,LOW
Kanchipuram,12.83,79.7,"Kanchipuram — relatively higher, safer",1.0,300.0,0.63,8.5,1.5,8.4906,0.65,0.61,0.3056,0.1,2.0,4.5,1.5,0.0,0,LOW
Kanchipuram,12.83,79.7,"Kanchipuram — relatively higher, safer",2.0,375.0,0.7,8.5,1.5,8.4906,0.75,0.55,0.6111,0.2,2.5,5.0,1.5,4.64,0,LOW
Kanchipuram,12.83,79.7,"Kanchipuram — relatively higher, safer",3.0,450.0,0.77,8.5,1.5,8.4906,0.85,0.49,0.9167,0.3,3.0,5.5,1.5,19.03,1,MEDIUM
Kanchipuram,12.83,79.7,"Kanchipuram — relatively higher, safer",5.0,600.0,0.84,8.5,1.5,8.4906,1.0,0.4,1.5278,0.5,4.0,6.0,1.5,46.71,2,HIGH
Kanchipuram,12.83,79.7,"Kanchipuram — relatively higher, safer",7.5,750.0,0.91,8.5,1.5,8.4906,1.15,0.31,2.2917,0.75,5.0,6.5,1.5,80.51,2,HIGH
Kanchipuram,12.83,79.7,"Kanchipuram — relatively higher, safer",10.0,825.0,0.98,8.5,1.5,8.4906,1.25,0.25,3.0556,1.0,5.5,7.0,1.5,113.22,2,HIGH
Kanchipuram,12.83,79.7,"Kanchipuram — relatively higher, safer",15.0,975.0,1.05,8.5,1.5,8.4906,1.4,0.16,4.5833,1.5,6.5,7.5,1.5,177.57,2,HIGH
Kanchipuram,12.83,79.7,"Kanchipuram — relatively higher, safer",20.0,1050.0,1.12,8.5,1.5,8.4906,1.5,0.1,6.1111,2.0,7.0,8.0,1.5,200.0,2,HIGH
Kanchipuram,12.83,79.7,"Kanchipuram — relatively higher, safer",25.0,1125.0,1.19,8.5,1.5,8.4906,1.6,0.05,7.6389,2.5,7.5,8.5,1.5,200.0,2,HIGH
Kanchipuram,12.83,79.7,"Kanchipuram — relatively higher, safer",35.0,1275.0,1.26,8.5,1.5,8.4906,1.75,0.05,10.6944,3.5,8.5,9.0,1.5,200.0,2,HIGH
Kanchipuram,12.83,79.7,"Kanchipuram — relatively higher, safer",45.0,1350.0,1.288,8.5,1.5,8.4906,1.82,0.05,13.75,4.5,9.0,9.2,1.5,200.0,2,HIGH
Kanchipuram,12.83,79.7,"Kanchipuram — relatively higher, safer",55.0,1425.0,1.33,8.5,1.5,8.4906,1.9,0.05,16.8056,5.5,9.5,9.5,1.5,200.0,2,HIGH
Kanchipuram,12.83,79.7,"Kanchipuram — relatively higher, safer",80.0,1500.0,1.358,8.5,1.5,8.4906,1.97,0.05,24.4444,8.0,10.0,9.7,1.5,200.0,2,HIGH
Kanchipuram,12.83,79.7,"Kanchipuram — relatively higher, safer",100.0,1650.0,1.4,8.5,1.5,8.4906,2.1,0.05,30.5556,10.0,10.0,10.0,1.5,200.0,2,HIGH
Kanchipuram,12.83,79.7,"Kanchipuram — relatively higher, safer",120.0,1800.0,1.4,8.5,1.5,8.4906,2.2,0.05,36.6667,10.0,10.0,10.0,1.5,200.0,2,HIGH
Kanchipuram,12.83,79.7,"Kanchipuram — relatively higher, safer",2.0,900.0,1.33,8.5,1.5,8.4906,1.55,0.07,0.6111,0.2,6.0,9.5,1.5,21.92,1,MEDIUM
Kanchipuram,12.83,79.7,"Kanchipuram — relatively higher, safer",5.0,1050.0,1.4,8.5,1.5,8.4906,1.7,0.05,1.5278,0.5,7.0,10.0,1.5,59.31,2,HIGH
Kanchipuram,12.83,79.7,"Kanchipuram — relatively higher, safer",10.0,1350.0,0.7,8.5,1.5,8.4906,1.4,0.16,3.0556,1.0,9.0,5.0,1.5,116.46,2,HIGH
Kanchipuram,12.83,79.7,"Kanchipuram — relatively higher, safer",15.0,1500.0,0.84,8.5,1.5,8.4906,1.6,0.05,4.5833,1.5,10.0,6.0,1.5,181.53,2,HIGH
